MySpecies,Name_of_taxa,Family,Plant_group,"Plant_sub-group",Habit,"IUCN_Status",Lifespan
Acantholimon_lycopodioides,Acantholimon_lycopodioides_(Girard)_Boiss.,Plumbaginaceae,Angiosperm,Dicot,Shrub,NE,Perennial
Gypsophila_sedifolia,Acanthophyllum_sedifolium_(Kurz)_Madhani_&_Zarre_***_(=Gypsophila_sedifolia_Kurz),Caryophyllaceae,Angiosperm,Dicot,Herb,NE,Perennial
Aconitum_violaceum,Aconitum_kurramense_Qureshi_&_Chaudhri_(=Aconitum_violaceum_Jacquem._ex_Stapf_var._robustum_Stapf),Ranunculaceae,Angiosperm,Dicot,Herb,NE,Perennial
Aconitum_violaceum,Aconitum_violaceum_Jacquem._ex_Stapf,Ranunculaceae,Angiosperm,Dicot,Herb,vU,Perennial
Aconitum_heterophyllum,Aconitum_heterophyllum_Wall._ex_Royle,Ranunculaceae,Angiosperm,Dicot,Herb,EN,Perennial
Aconitum_rotundifolium,Aconitum_rotundifolium_Kar._&_Kir.,Ranunculaceae,Angiosperm,Dicot,Herb,NE,Perennial
Tanacetum_fruticulosum,Ajania_fruticulosa_(Ledeb.)_Poljakov_(=Tanacetum_fruticulosum_Ledeb),Asteraceae,Angiosperm,Dicot,Herb,NE,Perennial
Tanacetum_tibeticum,"Ajania_tibetica_(Hook.f._&_Thomson)_Tzvelev_(=Tanacetum_tibeticum_Hook._f_&_Thomson_ex_C.B.Clarke,_Chrysanthemum_tibeticum_Hook._f._&_Thomson_ex_C.B.Clarke.)",Asteraceae,Angiosperm,Dicot,Herb,NE,Perennial
Waldheimia_tomentosa,Allardia_tomentosa_Decne._(=Waldheimia_tomentosa_Regel),Asteraceae,Angiosperm,Dicot,Herb,NE,Perennial
Allium_carolinianum,Allium_carolinianum_DC._(=Allium_thomsonii_Baker),Amaryllidaceae,Angiosperm,Monocot,Herb,NE,Perennial
Allium_oreoprasum,Allium_oreoprasum_Schrenk,Amaryllidaceae,Angiosperm,Monocot,Herb,NE,Perennial
Allium_przewalskianum,Allium_przewalskianum_Regel_(=Allium_stoliczkii_Regel),Amaryllidaceae,Angiosperm,Monocot,Herb,NE,Perennial
Anaphalis_nubigena,"Anaphalis_nepalensis_(Spreng.)_Hand.-_Mazz._var._nepalensis_(=Anaphalis_cuneifolia_Hook.f.,_Anaphalis_nubigena_DC.)",Asteraceae,Angiosperm,Dicot,Herb,NE,Perennial
Anaphalis_virgata,Anaphalis_virgata_Thomson,Asteraceae,Angiosperm,Dicot,Herb,NE,Perennial
Androsace_robusta,"Androsace_jacquemontii_Duby_var._robusta_(R.Knuth)_Govaerts_(=Androsace_robusta_(R.Knuth)_Hand.-_Mazz.,_Androsace_villosa_Jacq._var._robusta_R.Knuth)",Primulaceae,Angiosperm,Dicot,Herb,NE,Perennial
Aquilegia_fragrans,Aquilegia_fragrans_Benth.,Ranunculaceae,Angiosperm,Dicot,Herb,NE,Perennial
Aquilegia_moorcroftiana,Aquilegia_moorcroftiana_Wall._Ex_Royle,Ranunculaceae,Angiosperm,Dicot,Herb,NE,Perennial
Arenaria_serpyllifolia,Arenaria_serpyllifolia_L.,Caryophyllaceae,Angiosperm,Dicot,Herb,NE,Annual
Arenaria_serpyllifolia,Arenaria_serpyllifolia_L._subsp._leptoclados_(Rchb.)_Nyman_(=Arenaria_leptoclados_Boiss.),Caryophyllaceae,Angiosperm,Dicot,Herb,NE,Perennial
Argentina_anserina,Argentina_anserina_(L.)_Rydb._(=Potentilla_anserina_L.),Rosaceae,Angiosperm,Dicot,Herb,NE,Perennial
Arnebia_euchroma,Arnebia_euchroma_I.M.Johnst.,Boraginaceae,Angiosperm,Dicot,Herb,NE,Perennial
Arnebia_euchroma,Arnebia_euchroma_I.M.Johnst._subsp._euchroma_(=Macrotomia_perennis_(Schrenk)_Boiss.),Boraginaceae,Angiosperm,Dicot,Herb,NE,Perennial
Arnebia_euchroma,Arnebia_euchroma_I.M.Johnst._subsp._grandis_(Bornm.)_Riedl_(=Arnebia_euchroma_I.M.Johnst._var._grandis_(Bornm.)_Kazmi),Boraginaceae,Angiosperm,Dicot,Herb,NE,Perennial
Artemisia_brevifolia,Artemisia_brevifolia_Wall._ex_DC.,Asteraceae,Angiosperm,Dicot,Shrub,NE,Perennial
Artemisia_fragrans,Artemisia_fragrans_Willd.,Asteraceae,Angiosperm,Dicot,Herb,NE,Perennial
Artemisia_minor,Artemisia_minor_Jacquem._ex_Besser,Asteraceae,Angiosperm,Dicot,Herb,NE,Perennial
Artemisia_salsoloides,Artemisia_salsoloides_Willd.,Asteraceae,Angiosperm,Dicot,Herb,NE,Perennial
Artemisia_moorcroftiana,Artemisia_moorcroftiana_Wall._ex_DC.,Asteraceae,Angiosperm,Dicot,Herb,NE,Perennial
Artemisia_santolinifolia,Artemisia_stechmanniana_Besser_(=Artemisia_santolinifolia_Turcz._ex_Krasch.),Asteraceae,Angiosperm,Dicot,Herb,NE,Perennial
Askellia_flexuosa,"Askellia_flexuosa_(Ledeb.)_W.A.Weber_(=Youngia_glauca_Edgew.,_Crepis_flexuosa_(DC.)_Benth._&_Hook.f.)",Asteraceae,Angiosperm,Dicot,Herb,NE,Perennial
Aster_flaccidus,Aster_flaccidus_Bunge,Asteraceae,Angiosperm,Dicot,Herb,NE,Perennial
Aster_flaccidus,Aster_flaccidus_Bunge_subsp._glandulosus_(Keissl.)_Onno,Asteraceae,Angiosperm,Dicot,Herb,NE,Perennial
Aster_flaccidus,Aster_flaccidus_Bunge_subsp._flaccidus_(=Aster_tibeticus_Hook.f.),Asteraceae,Angiosperm,Dicot,Herb,NE,Perennial
Astragalus_nivalis,Astragalus_nivalis_Kar_&_Kir.,Fabaceae,Angiosperm,Dicot,Herb,NE,Perennial
Astragalus_oplites,Astragalus_oplites_Benth._ex_R.Parker_(=Astragalus_cicerifolius_Royle_ex_Bunge.),Fabaceae,Angiosperm,Dicot,Herb,NE,Perennial
Astragalus_thomsonii,Astragalus_thomsonii_Podlech,Fabaceae,Angiosperm,Dicot,Shrub,NE,Perennial
Astragalus_tibetanus,Astragalus_tibetanus_Benth._ex_Bunge,Fabaceae,Angiosperm,Dicot,Shrub,NE,Perennial
Astragalus_hoffmeisteri,"Astragalus_hoffmeisteri_(Klotzsch)_Ali_(=Astragalus_adesmiifolius_Benth._ex_Bunge.,_Astragalus_hoffmeisteri_var._hoffmeisteri_(Klotzsch)_Ali)",Fabaceae,Angiosperm,Dicot,Herb,NE,Perennial
Astragalus_melanostachys,Astragalus_melanostachys_Bunge,Fabaceae,Angiosperm,Dicot,Herb,NE,Perennial
Astragalus_rhizanthus,Astragalus_rhizanthus_Benth._subsp._rhizanthus_Benth._(=Astragalus_ladakensis_N.P.Balakr.),Fabaceae,Angiosperm,Dicot,Shrub,NE,Perennial
Axyris_hybrida,Axyris_hybrida_L.,Amaranthaceae,Angiosperm,Dicot,Herb,NE,Annual
Bistorta_affinis,Bistorta_affinis_(D.Don)_Greene,Polygonaceae,Angiosperm,Dicot,Herb,NE,Perennial
Bistorta_vivipara,Bistorta_vivipara_(L.)_Delarbre_(=Polygonum_viviparum_L.),Polygonaceae,Angiosperm,Dicot,Herb,NE,Perennial
Caragana_versicolor,Caragana_versicolor_Benth.,Fabaceae,Angiosperm,Dicot,Shrub,NE,Perennial
Carduus_nutans,Carduus_nutans_L.,Asteraceae,Angiosperm,Dicot,Herb,NE,Perennial
Cerastium_fontanum,Cerastium_fontanum_Baumg.,Caryophyllaceae,Angiosperm,Dicot,Herb,NE,Perennial
Cerastium_fontanum,Cerastium_fontanum_Baumg._subsp._grandiflorum_(Hamilt._ex_D.Don)_H.Hara_(=Cerastium_vulgatum_L._var._grandiflora_(Don)_Edgew._&_Hook.f),Caryophyllaceae,Angiosperm,Dicot,Herb,NE,Annual
Cerastium_cerastoides,Cerastium_cerastoides_(L.)_Britton_(=Dichodon_cerastoides_(L.)_Rchb.),Caryophyllaceae,Angiosperm,Dicot,Herb,NE,Perennial
Chenopodium_album,Chenopodium_album_L.,Amaranthaceae,Angiosperm,Dicot,Herb,NE,Annual
Chenopodium_album,Chenopodium_album_L._var._album_(=Chenopodium_strictum_Roth),Amaranthaceae,Angiosperm,Dicot,Herb,NE,Annual
Chesneya_cuneata,Chesneya_cuneata_(Benth.)_Ali_(=Caragana_cuneata_(Benth.)_Baker),Fabaceae,Angiosperm,Dicot,Herb,NE,Perennial
Chorispora_sabulosa,Chorispora_sabulosa_Cambess.,Brassicaceae,Angiosperm,Dicot,Herb,NE,Perennial
Christolea_crassifolia,Christolea_crassifolia_Cambess.,Brassicaceae,Angiosperm,Dicot,Herb,NE,Perennial
Cicer_microphyllum,Cicer_microphyllum_Benth.,Fabaceae,Angiosperm,Dicot,Herb,NE,Perennial
Cirsium_arvense,Cirsium_arvense_(L.)_Scop._(=Breea_arvensis_(L.)_Less.),Asteraceae,Angiosperm,Dicot,Herb,NE,Perennial
Codonopsis_clematidea,Codonopsis_clematidea_(Schrenk)_C.B.Clarke,Campanulaceae,Angiosperm,Dicot,Herb,NE,Perennial
Corydalis_flabellata,Corydalis_flabellata_Edgew.,Papaveraceae,Angiosperm,Dicot,Herb,NE,Perennial
Cotoneaster_affinis,Cotoneaster_affinis_Lindl.,Rosaceae,Angiosperm,Dicot,Shrub,NE,Perennial
Cousinia_thomsonii,Cousinia_thomsonii_C.B.Clarke,Asteraceae,Angiosperm,Dicot,Herb,NE,Biennial
Cremanthodium_ellisii,"Cremanthodium_ellisii_(Hook._f.)_Kitam._(=Cremanthodium_plantagineum_Maxim._var._maximowiczii_(Franch.)_Aswal,_Cremanthodium_plantagineum_Maxim.)",Asteraceae,Angiosperm,Dicot,Herb,NE,Perennial
Crucihimalaya_mollissima,"Crucihimalaya_mollissima_(C.A.Mey.)_Al-_Shehbaz,_Oâ€™Kane_&_R.A.Price_(=Arabidopsis_mollissima_(C.A.Mey.)_N.Busch.)",Brassicaceae,Angiosperm,Dicot,Herb,NE,Perennial
Cuscuta_europaea,Cuscuta_europaea_L._var._indica_Engelm,Convolvulaceae,Angiosperm,Dicot,Herb,NE,Perennial
Dactylorhiza_hatagirea,Dactylorhiza_hatagirea_(D._Don.)_Soo.,Orchidaceae,Angiosperm,Monocot,Herb,EN,Perennial
Dasiphora_dryadanthoides,Dasiphora_dryadanthoides_Juz.,Rosaceae,Angiosperm,Dicot,Shrub,NE,Perennial
Delphinium_brunonianum,Delphinium_brunonianum_Royle,Ranunculaceae,Angiosperm,Dicot,Herb,NE,Perennial
Delphinium_cashmerianum,Delphinium_cashmerianum_Royle,Ranunculaceae,Angiosperm,Dicot,Herb,NE,Perennial
Dianthus_anatolicus,Dianthus_anatolicus_Boiss.,Caryophyllaceae,Angiosperm,Dicot,Herb,NE,Annual
Dontostemon_glandulosus,Dontostemon_glandulosus_(Kar._&_Kir.)_O.E.Schulz_(=Arabis_glandulosa_Kar._&_Kir.),Brassicaceae,Angiosperm,Dicot,Herb,NE,Annual
Draba_cachemirica,Draba_cachemirica_Gand.,Brassicaceae,Angiosperm,Dicot,Herb,NE,Perennial
Draba_setosa,Draba_setosa_Royle_(=Draba_pyriformis_Pojle),Brassicaceae,Angiosperm,Dicot,Herb,NE,Perennial
Draba_stenocarpa,Draba_stenocarpa_Hook.f._&_Thomson,Brassicaceae,Angiosperm,Dicot,Herb,NE,Annual
Ephedra_gerardiana,Ephedra_gerardiana_Wall._ex_Stapf,Ephedraceae,Gymnosperm,,Shrub,vU,Perennial
Ephedra_intermedia,Ephedra_intermedia_Schrenk_&_C.A.Mey.,Ephedraceae,Gymnosperm,,Shrub,LC,Perennial
Epilobium_latifolium,Epilobium_latifolium_L.,Onagraceae,Angiosperm,Dicot,Herb,LC,Perennial
Epilobium_latifolium,Epilobium_speciosum_Decne._(=Epilobium_latifolium_L._subsp._speciosum_(Decne.)_P.H.Raven),Onagraceae,Angiosperm,Dicot,Herb,NE,Perennial
Epilobium_angustifolium,Epilobium_angustifolium_L.,Onagraceae,Angiosperm,Dicot,Herb,LC,Perennial
Equisetum_diffusum,Equisetum_diffusum_D.Don,Equisetaceae,Pteridophyte,Fern,Herb,NE,Perennial
Equisetum_ramosissimum,Equisetum_ramosissimum_Desf.,Equisetaceae,Pteridophyte,Fern,Herb,LC,Perennial
Equisetum_ramosissimum,Equisetum_ramosissimum_Desf._var._huegelii_(Milde_)_Christenh._&_Husby_(=Equisetum_ramosissimum_Desf._subsp._debile_(Roxb._ex_vaucher)_Hauke),Equisetaceae,Pteridophyte,Fern,Herb,NE,Perennial
Erigeron_multiradiatus,Erigeron_multiradiatus_(Lindl._ex_DC.)_Benth._&_Hook.f.,Asteraceae,Angiosperm,Dicot,Herb,NE,Annual
Anemone_rupicola,Eriocapitella_rupicola_(Cambess.)_Christenh._&_Byng_(=Anemone_rupicola_Cambess.),Ranunculaceae,Angiosperm,Dicot,Herb,NE,Perennial
Stachys_tibetica,"Eriophyton_tibeticum_(vatke)_Ryding_(=Stachys_tibetica_vatke,_Menitskia_tibetica_(vatke)_Krestovsk.)",Lamiaceae,Angiosperm,Dicot,Shrub,NE,Perennial
Eritrichium_villosum,Eritrichium_villosum_(Ledeb.)_Bunge,Boraginaceae,Angiosperm,Dicot,Herb,NE,Perennial
Eritrichium_spathulatum,Eritrichium_spathulatum_(Benth.)_C.B.Clarke,Boraginaceae,Angiosperm,Dicot,Herb,NE,Perennial
Euphorbia_tibetica,Euphorbia_tibetica_Boiss.,Euphorbiaceae,Angiosperm,Dicot,Herb,NE,Perennial
Euphorbia_thomsoniana,Euphorbia_thomsoniana_Boiss.,Euphorbiaceae,Angiosperm,Dicot,Herb,NE,Perennial
Euphrasia_officinalis,Euphrasia_officinalis_L._subsp._pratensis_Fr._(=Euphrasia_vulgaris_Gueldenst._ex_Ledeb.),Orobanchaceae,Angiosperm,Dicot,Herb,NE,Annual
Euphrasia_himalayica,Euphrasia_himalayica_Wettst.,Orobanchaceae,Angiosperm,Dicot,Herb,NE,Annual
Euphrasia_platyphylla,Euphrasia_platyphylla_Pennell,Orobanchaceae,Angiosperm,Dicot,Herb,NE,Annual
Fagopyrum_esculentum,Fagopyrum_esculentum_Moench,Polygonaceae,Angiosperm,Dicot,Herb,NE,Annual
Farinopsis_salesoviana,Farinopsis_salesoviana_(Stephan)_Chrtek_&_SojÃ¡k_(=Comarum_salesovianum_(Stephan)_Asch._&_Graebn.),Rosaceae,Angiosperm,Dicot,Shrub,NE,Perennial
Ferula_jaeschkeana,Ferula_jaeschkeana_vatke,Apiaceae,Angiosperm,Dicot,Herb,NE,Perennial
Galium_boreale,Galium_boreale_L.,Rubiaceae,Angiosperm,Dicot,Herb,NE,Annual
Gentiana_burkillii,"Gentiana_aquatica_L._var._pseudoaquatica_(Kusn.)_S.Agrawal_(=Gentiana_burkillii_H.Smith,_Gentiana_pseudoaquatica_Kusnez.)",Gentianaceae,Angiosperm,Dicot,Herb,NE,Annual
Gentiana_tianschanica,Gentiana_kirilowii_Turcz._(=Gentiana_tianschanica_Rupr._ex_Kusn.),Gentianaceae,Angiosperm,Dicot,Herb,NE,Perennial
Gentiana_squarrosa,Gentiana_squarrosa_Ledeb.,Gentianaceae,Angiosperm,Dicot,Herb,NE,Annual
Gentiana_leucomelaena,Gentiana_leucomelaena_Maxim.,Gentianaceae,Angiosperm,Dicot,Herb,NE,Annual
Gentianella_moorcroftiana,Gentianella_moorcroftiana_(Wall._ex_Griseb.)_Airy_Shaw_(=Gentiana_moorcroftinana_Wall._ex_G.Don),Gentianaceae,Angiosperm,Dicot,Herb,NE,Annual
Gentianopsis_paludosa,Gentianopsis_paludosa_(Hook._f.)_Ma_var._alpina_T.N.Ho,Gentianaceae,Angiosperm,Dicot,Herb,NE,Perennial
Gentianopsis_paludosa,Gentianopsis_paludosa_(Hook.f.)_Ma_var._paludosa_(Hook.f.)_Ma_(=Gentiana_stracheyi_(C.B.Clarke)_Kitam),Gentianaceae,Angiosperm,Dicot,Herb,NE,Annual
Geranium_himalayense,Geranium_himalayense_Klotzsch_(=Geranium_regelii_Nevski),Geraniaceae,Angiosperm,Dicot,Herb,NE,Perennial
Haloxylon_thomsonii,Haloxylon_thomsonii_Bunge_ex_Boiss._(=Arthrophytum_thomsonii_(Bunge_ex_Boiss.)_Iljin),Amaranthaceae,Angiosperm,Dicot,Herb,NE,Annual
Heracleum_pinnatum,Heracleum_pinnatum_C.B.Clarke,Apiaceae,Angiosperm,Dicot,Herb,NE,Perennial
Hippolytia_senecionis,Hippolytia_senecionis_(Jacquem._ex_Besser)_Tzvelev_(=Tanacetum_senecionis_J.Gay_ex_DC.),Asteraceae,Angiosperm,Dicot,Herb,NE,Perennial
Hippophae_tibetana,Hippophae_tibetana_Schltdl.,Elaeagnaceae,Angiosperm,Dicot,Shrub,NE,Perennial
Hippophae_rhamnoides,Hippophae_rhamnoides_L.,Elaeagnaceae,Angiosperm,Dicot,Shrub,LC,Perennial
Hippophae_rhamnoides,Hippophae_rhamnoides_L._subsp._turkestanica_Rousi,Elaeagnaceae,Angiosperm,Dicot,Shrub,NE,Perennial
Hylotelephium_ewersii,"Hylotelephium_ewersii_(Ledeb.)_Ohba_(=Sedum_ewersii_(Ledeb.)_Ohba_var._homophyllum_Praeger,_Sedum_ewersii_Ledeb.)",Crassulaceae,Angiosperm,Dicot,Herb,NE,Perennial
Pleurospermum_candollei,Hymenolaena_candollei_DC._(=Pleurospermum_candollei_(DC.)_Clarke),Apiaceae,Angiosperm,Dicot,Herb,NE,Annual
Impatiens_brachycentra,Impatiens_brachycentra_Kar._&_Kir.,Balsaminaceae,Angiosperm,Dicot,Herb,NE,Annual
Inula_koelzii,Inula_koelzii_R.Dawar_&_Qaiser,Asteraceae,Angiosperm,Dicot,Herb,NE,Perennial
Inula_rhizocephala,"Inula_rhizocephala_Schrenk_(=Inula_rhizocephala_Schrenk_var._rhizocephaloides_(Clarke)_Kit.,_Inula_rhizocephaloides_Cl.Comp.)",Asteraceae,Angiosperm,Dicot,Herb,NE,Perennial
Iris_hookeriana,Iris_hookeriana_Foster,Iridaceae,Angiosperm,Monocot,Herb,NE,Perennial
Senecio_chrysanthemoides,"Jacobaea_analoga_(DC.)_veldkamp_(=Senecio_laetus_Edgew.,_Senecio_chrysanthemoides_DC.)",Asteraceae,Angiosperm,Dicot,Herb,NE,Perennial
Senecio_korshinskyi,Jacobaea_korshinskyi_(Krasch.)_B.Nord._(=Senecio_korshinskyi_Krasch.),Asteraceae,Angiosperm,Dicot,Herb,NE,Perennial
Juniperus_semiglobosa,Juniperus_semiglobosa_Regel,Cupressaceae,Gymnosperm,,Tree,LC,Perennial
Koeleria_macrantha,Koeleria_macrantha_(Ledeb.)_Schult.,Poaceae,Angiosperm,Monocot,Herb,NE,Perennial
Koenigia_rumicifolia,Koenigia_rumicifolia_(Royle_ex_Bab.)_T.M.Schust._&_Reveal_(=Aconogonon_rumicifolium_(Royle_ex_Bab.)_Hara),Polygonaceae,Angiosperm,Dicot,Herb,NE,Perennial
Aconogonon_tortuosum,"Koenigia_tortuosa_(D.Don)_T.M.Schust._&_Reveal_(=Aconogonon_tortuosum_(D._Don)_Hara,_Polygonum_tortuosum_D.Don)",Polygonaceae,Angiosperm,Dicot,Herb,NE,Perennial
Krascheninnikovia_ceratoides,Krascheninnikovia_ceratoides_(L.)_Gueldenst._(=Krascheninnikovia_pungens_(Pazij)_Podlech),Amaranthaceae,Angiosperm,Dicot,Herb,NE,Perennial
Lactuca_orientalis,Lactuca_orientalis_(Boiss.)_Boiss.,Asteraceae,Angiosperm,Dicot,Herb,NE,Annual
Lamium_amplexicaule,Lamium_amplexicaule_L.,Lamiaceae,Angiosperm,Dicot,Herb,NE,Perennial
Leontopodium_brachyactis,Leontopodium_brachyactis_Gand.,Asteraceae,Angiosperm,Dicot,Herb,NE,Perennial
Leontopodium_souliei,Leontopodium_souliei_Beauverd,Asteraceae,Angiosperm,Dicot,Herb,NE,Perennial
Lepidium_latifolium,Lepidium_latifolium_L.,Brassicaceae,Angiosperm,Dicot,Herb,NE,Annual
Lepyrodiclis_holosteoides,Lepyrodiclis_holosteoides_(C.A.Mey.)_Fenzl_ex_Fisch._&_C.A.Mey._(=Arenaria_holosteoides_(C.A.Mey.)_Edgew.),Caryophyllaceae,Angiosperm,Dicot,Herb,NE,Annual
Lindelofia_stylosa,Lindelofia_stylosa_(Kar._&_Kir.)_Brand,Boraginaceae,Angiosperm,Dicot,Herb,NE,Perennial
Lindelofia_anchusoides,Lindelofia_anchusoides_(Lindl.)_Lehm.,Boraginaceae,Angiosperm,Dicot,Herb,NE,Perennial
Lomatogonium_carinthiacum,Lomatogonium_carinthiacum_(Wulfen)_A.Braun,Gentianaceae,Angiosperm,Dicot,Herb,NE,Perennial
Lonicera_asperifolia,Lonicera_asperifolia_Hook.f._&_Thomson,Caprifoliaceae,Angiosperm,Dicot,Shrub,NE,Perennial
Lonicera_semenovii,Lonicera_semenovii_Regel_(=Lonicera_glauca_Hook.f._&_Thomson),Caprifoliaceae,Angiosperm,Dicot,Shrub,NE,Perennial
Lonicera_spinosa,Lonicera_spinosa_(Decne.)_Jacq._ex_Walp.,Caprifoliaceae,Angiosperm,Dicot,Shrub,NE,Perennial
Lonicera_microphylla,Lonicera_microphylla_Willd._ex_Schult.,Caprifoliaceae,Angiosperm,Dicot,Shrub,NE,Perennial
Lotus_corniculatus,Lotus_corniculatus_L.,Fabaceae,Angiosperm,Dicot,Herb,NE,Perennial
Matthiola_chorassanica,Matthiola_chorassanica_Bunge_ex_Boiss.,Brassicaceae,Angiosperm,Dicot,Herb,NE,Perennial
Meconopsis_aculeata,Meconopsis_aculeata_Royle,Papaveraceae,Angiosperm,Dicot,Herb,NE,Perennial
Medicago_falcata,Medicago_falcata_L.,Fabaceae,Angiosperm,Dicot,Herb,NE,Perennial
Medicago_lupulina,Medicago_lupulina_L.,Fabaceae,Angiosperm,Dicot,Herb,NE,Perennial
Morina_coulteriana,Morina_coulteriana_Royle,Caprifoliaceae,Angiosperm,Dicot,Herb,NE,Perennial
Myosotis_asiatica,Myosotis_asiatica_(vestergr.)_Schischk._&_Serg.,Boraginaceae,Angiosperm,Dicot,Herb,NE,Perennial
Myricaria_germanica,Myricaria_bracteata_Royle_(=Myricaria_germanica_(L.)_Desv._subsp._alopecuroides_(Schrenk)_Kitam.),Tamaricaceae,Angiosperm,Dicot,Shrub,NE,Perennial
Brachyactis_pubescens,Neobrachyactis_pubescens_(DC.)_Brouillet_(=Brachyactis_pubescens_(DC.)_Aitch._&_C.B.Clarke),Asteraceae,Angiosperm,Dicot,Herb,NE,Perennial
Brachyactis_roylei,Neobrachyactis_roylei_(DC.)_Brouillet_(=Brachyactis_roylei_(DC.)_Wendelbo),Asteraceae,Angiosperm,Dicot,Herb,NE,Perennial
Nepeta_discolor,Nepeta_discolor_Royle_ex_Benth.,Lamiaceae,Angiosperm,Dicot,Herb,NE,Perennial
Nepeta_floccosa,Nepeta_floccosa_Benth.,Lamiaceae,Angiosperm,Dicot,Herb,NE,Perennial
Nepeta_glutinosa,Nepeta_glutinosa_Benth.,Lamiaceae,Angiosperm,Dicot,Herb,NE,Perennial
Nepeta_leucolaena,Nepeta_leucolaena_Benth._ex_Hook.f._(=Nepeta_royleana_R.R.Stewart.),Lamiaceae,Angiosperm,Dicot,Herb,NE,Annual
Nepeta_podostachys,Nepeta_podostachys_Benth.,Lamiaceae,Angiosperm,Dicot,Herb,NE,Perennial
Oxytropis_glabra,Oxytropis_glabra_DC.,Fabaceae,Angiosperm,Dicot,Herb,NE,Perennial
Oxytropis_humifusa,Oxytropis_humifusa_Kar._&_Kir._(=Oxytropis_glacialis_Benth.),Fabaceae,Angiosperm,Dicot,Herb,NE,Perennial
Oxytropis_tatarica,Oxytropis_tatarica_Hook.f._&_Thomson_ex_Bunge,Fabaceae,Angiosperm,Dicot,Herb,NE,Perennial
Oxytropis_hypoglottoides,Oxytropis_hypoglottoides_(Baker)_Ali_(=Astragalus_hypoglottoides_Baker),Fabaceae,Angiosperm,Dicot,Herb,NE,Perennial
Pedicularis_punctata,Pedicularis_punctata_Decne.,Orobanchaceae,Angiosperm,Dicot,Herb,NE,Perennial
Pedicularis_bicornuta,Pedicularis_bicornuta_Klotzsch,Orobanchaceae,Angiosperm,Dicot,Herb,NE,Perennial
Pedicularis_rhinanthoides,Pedicularis_rhinanthoides_Schrenk_ex_Fisch._&_C.A.Mey._subsp._labellata_(Jacquem.)_Pennell,Orobanchaceae,Angiosperm,Dicot,Herb,NE,Perennial
Pedicularis_rhinanthoides,Pedicularis_rhinanthoides_Schrenk_ex_Fisch._&_C.A.Mey.,Orobanchaceae,Angiosperm,Dicot,Herb,NE,Perennial
Plantago_depressa,Plantago_depressa_Willd.,Plantaginaceae,Angiosperm,Dicot,Herb,NE,Perennial
Plantago_himalaica,Plantago_himalaica_Pilg.,Plantaginaceae,Angiosperm,Dicot,Herb,NE,Perennial
Plantago_lanceolata,Plantago_lanceolata_L.,Plantaginaceae,Angiosperm,Dicot,Herb,NE,Perennial
Podophyllum_hexandrum,"Podophyllum_hexandrum_Royle_(=Podophyllum_emodi_Wall_ex_Royle,_Sinopodophyllum_hexandrum_(Royle)_T.S.Ying)",Berberidaceae,Angiosperm,Dicot,Herb,NE,Perennial
Polygonum_biaristatum,Polygonum_biaristatum_Aitch._&_Hemsl.,Polygonaceae,Angiosperm,Dicot,Herb,NE,Perennial
Polygonum_cognatum,Polygonum_cognatum_Meisn.,Polygonaceae,Angiosperm,Dicot,Herb,NE,Perennial
Polygonum_paronychioides,Polygonum_paronychioides_C.A.Mey.,Polygonaceae,Angiosperm,Dicot,Shrub,NE,Perennial
Polygonum_polycnemoides,Polygonum_polycnemoides_Jaub._&_Spach,Polygonaceae,Angiosperm,Dicot,Herb,NE,Annual
Polygonum_rottboellioides,Polygonum_rottboellioides_Jaub._&_Spach,Polygonaceae,Angiosperm,Dicot,Herb,NE,Perennial
Polygonum_rottboellioides,Polygonum_rottboellioides_Jaub._&_Spach_var._tibeticum_(Hook._f.)_R.R.Stewart_ex_Qaiser_(=Polygonum_rottboellioides_Jaub._&_Spach_var._tibetica_(Hook.f.)_R.R.Stewart),Polygonaceae,Angiosperm,Dicot,Herb,NE,Perennial
Potentilla_multifida,Potentilla_multifida_L._(=_Potentilla_plurijuga_Hand.-_Mazz.),Rosaceae,Angiosperm,Dicot,Herb,NE,Perennial
Potentilla_multifida,Potentilla_multifida_L._var._angustifolia_Lehm.,Rosaceae,Angiosperm,Dicot,Herb,NE,Perennial
Potentilla_multifida,Potentilla_ornithopoda_Tausch._(=Potentilla_multifida_L.var._ornithopoda_(Tausch)_Th.Wolf),Rosaceae,Angiosperm,Dicot,Herb,NE,Perennial
Potentilla_pamirica,Potentilla_pamirica_Th.Wolf,Rosaceae,Angiosperm,Dicot,Herb,NE,Perennial
Potentilla_desertorum,Potentilla_desertorum_Bunge,Rosaceae,Angiosperm,Dicot,Herb,NE,Perennial
Prangos_pabularia,Prangos_pabularia_Lindl.,Apiaceae,Angiosperm,Dicot,Herb,NE,Perennial
Primula_minutissima,Primula_minutissima_Jacquem._ex_Duby_(Primula_heydei_Watt),Primulaceae,Angiosperm,Dicot,Herb,NE,Perennial
Primula_pamirica,Primula_pamirica_Fed.,Primulaceae,Angiosperm,Dicot,Herb,NE,Perennial
Psychrogeton_andryaloides,Psychrogeton_andryaloides_(DC.)_Novopokr._ex_Krasch._(=Erigeron_andryaloides_Benth._ex_C.B.Clarke),Asteraceae,Angiosperm,Dicot,Herb,NE,Perennial
Puccinellia_distans,Puccinellia_distans_(Jacq.)_Parl.,Poaceae,Angiosperm,Monocot,Herb,NE,Perennial
Ranunculus_longicaulis,Ranunculus_longicaulis_Ledeb._ex_A.Spreng.,Ranunculaceae,Angiosperm,Dicot,Herb,NE,Perennial
Ranunculus_pulchellus,Ranunculus_pulchellus_Ledeb._ex_Spreng._var._pulchellus_(=Ranunculus_nephelogenes_Edgew.),Ranunculaceae,Angiosperm,Dicot,Herb,NE,Perennial
Rhamnus_prostrata,Rhamnus_darii_Govaerts_(=Rhamnus_prostrata_Jacq._ex_Parker),Rhamnaceae,Angiosperm,Dicot,Herb,NE,Perennial
Rheum_spiciforme,Rheum_spiciforme_Royle,Polygonaceae,Angiosperm,Dicot,Herb,NE,Perennial
Rheum_webbianum,Rheum_webbianum_Royel,Polygonaceae,Angiosperm,Dicot,Herb,NE,Perennial
Rhodiola_crenulata,Rhodiola_crenulata_(Hook.f._&_Thomson)_H.Ohba,Crassulaceae,Angiosperm,Dicot,Herb,NE,Perennial
Rhodiola_tibetica,Rhodiola_tibetica_(Hook.f._&_Thomson)_S.H.Fu_(=Sedum_tibeticum_Hook.f._&_Thomson),Crassulaceae,Angiosperm,Dicot,Herb,NE,Perennial
Rhodiola_pamiroalaica,Rhodiola_pamiroalaica_Boriss.,Crassulaceae,Angiosperm,Dicot,Herb,NE,Perennial
Rhodiola_wallichiana,Rhodiola_wallichiana_(Hook.)_S.H._Fu_(=Sedum_crassipes_Wall._Ex_H._&_T.),Crassulaceae,Angiosperm,Dicot,Herb,NE,Perennial
Ribes_orientale,Ribes_orientale_Desf.,Grossulariaceae,Angiosperm,Dicot,Shrub,NE,Perennial
Richteria_pyrethroides,"Richteria_pyrethroides_Kar._&_Kir._(=Chrysanthemum_pyrethroides_B.Fedtsch.,_Chrysanthemum_richteria_Benth.,_Tanacetum_pyrethroides_(Kar._&_Kir.)_Muradyan)",Asteraceae,Angiosperm,Dicot,Herb,NE,Perennial
Rosa_webbiana,Rosa_webbiana_Wall._ex_Royle,Rosaceae,Angiosperm,Dicot,Shrub,NE,Perennial
Rosularia_alpestris,Rosularia_alpestris_(Kar._&_Kir.)_Boriss._var._alpestris_(=Sempervivella_mucronata_(Edgew.)_Berger),Crassulaceae,Angiosperm,Dicot,Herb,NE,Perennial
Rubia_tibetica,Rubia_tibetica_Hook._f.,Rubiaceae,Angiosperm,Dicot,Herb,NE,Perennial
Rubia_tinctorum,Rubia_tinctorum_L.,Rubiaceae,Angiosperm,Dicot,Herb,NE,Perennial
Rumex_nepalensis,Rumex_nepalensis_Spreng.,Polygonaceae,Angiosperm,Dicot,Herb,NE,Perennial
Rumex_patientia,Rumex_patientia_L._subsp._tibeticus_(Rech.f.)_Rech.f.,Polygonaceae,Angiosperm,Dicot,Herb,NE,Perennial
Rumex_patientia,Rumex_patientia_L.subsp._pamiricus_(Rech.f.)_Rech.f.,Polygonaceae,Angiosperm,Dicot,Herb,NE,Perennial
Salix_caesia,Salix_caesia_vill.,Salicaceae,Angiosperm,Dicot,Shrub,NE,Perennial
Salix_flabellaris,Salix_flabellaris_Andersson,Salicaceae,Angiosperm,Dicot,Shrub,NE,Perennial
Salix_karelinii,Salix_karelinii_Turcz._ex_Stschegl.,Salicaceae,Angiosperm,Dicot,Shrub,NE,Perennial
Salix_pycnostachya,Salix_pycnostachya_Andersson,Salicaceae,Angiosperm,Dicot,Shrub,NE,Perennial
Salix_sericocarpa,Salix_sericocarpa_Andersson_(=Salix_oxycarpa_Anderss.),Salicaceae,Angiosperm,Dicot,Tree,NE,Perennial
Salsola_collina,Salsola_collina_Pall.,Amaranthaceae,Angiosperm,Dicot,Herb,NE,Annual
Salsola_tragus,Salsola_tragus_L._(=Salsola_ruthenica_Iljin),Amaranthaceae,Angiosperm,Dicot,Herb,NE,Perennial
Saussurea_schultzii,Saussurea_schultzii_Hook.f.,Asteraceae,Angiosperm,Dicot,Herb,NE,Perennial
Saxifraga_flagellaris,Saxifraga_flagellaris_Willd.,Saxifragaceae,Angiosperm,Dicot,Herb,NE,Perennial
Saxifraga_flagellaris,Saxifraga_stenophylla_Royle._(=Saxifraga_flagellaris_Willd._subsp._komarovii_HultÃ©n),Saxifragaceae,Angiosperm,Dicot,Herb,NE,Perennial
Saxifraga_meeboldi,Saxifraga_meeboldii_Engl._&_Irmsch.,Saxifragaceae,Angiosperm,Dicot,Herb,NE,Perennial
Scorzonera_virgata,Scorzonera_virgata_DC.,Asteraceae,Angiosperm,Dicot,Herb,NE,Perennial
Scrophularia_dentata,Scrophularia_dentata_Royle_ex_Benth.,Scrophulariaceae,Angiosperm,Dicot,Herb,NE,Perennial
Scrophularia_koelzii,Scrophularia_koelzii_Pennell,Scrophulariaceae,Angiosperm,Dicot,Herb,NE,Perennial
Semenovia_lasiocarpa,Semenovia_lasiocarpa_(Boiss.)_Manden.,Apiaceae,Angiosperm,Dicot,Herb,NE,Perennial
Saussurea_jacea,Shangwua_jacea_(Klotzsch)_Yu_J.Wang_&_Raab-_Straube_(=Saussurea_jacea_(Klotzsch)_Clarke),Asteraceae,Angiosperm,Dicot,Herb,NE,Perennial
Sibbaldia_cuneata,Sibbaldia_cuneata_Schouw_ex_Kunze,Rosaceae,Angiosperm,Dicot,Herb,NE,Perennial
Sibbaldianthe_bifurca,"Sibbaldianthe_bifurca_(L.)_Kurtto_&_T.Erikss._(=Schistophyllidium_bifurcum_(L.)_Ikonn.,_Potentilla_bifurca_L.)",Rosaceae,Angiosperm,Dicot,Herb,NE,Perennial
Silene_caespitella,Silene_caespitella_F.N.Williams,Caryophyllaceae,Angiosperm,Dicot,Herb,NE,Perennial
Silene_moorcroftiana,Silene_moorcroftiana_Wall._ex_Benth.,Caryophyllaceae,Angiosperm,Dicot,Herb,NE,Perennial
Silene_vulgaris,Silene_vulgaris_(Moench)_Garcke,Caryophyllaceae,Angiosperm,Dicot,Herb,LC,Perennial
Sisymbrium_brassiciforme,Sisymbrium_brassiciforme_C.A.Mey.,Brassicaceae,Angiosperm,Dicot,Herb,NE,Annual
Tanacetum_artemisioides,Tanacetum_artemisioides_Sch._Bip._ex_Hook.f.,Asteraceae,Angiosperm,Dicot,Herb,NE,Perennial
Taraxacum_officinale,Taraxacum_officinale_F.H.Wigg.,Asteraceae,Angiosperm,Dicot,Herb,NE,Perennial
Thalictrum_alpinum,Thalictrum_alpinum_L.,Ranunculaceae,Angiosperm,Dicot,Herb,NE,Perennial
Thalictrum_foetidum,Thalictrum_foetidum_L._subsp._foetidum_L._(=Thalictrum_vaginatum_Royle),Ranunculaceae,Angiosperm,Dicot,Herb,NE,Perennial
Thermopsis_inflata,Thermopsis_inflata_Cambess.,Fabaceae,Angiosperm,Dicot,Herb,NE,Perennial
Thesium_hookeri,Thesium_hookeri_Hendrych,Santalaceae,Angiosperm,Dicot,Herb,NE,Perennial
Thymus_linearis,Thymus_linearis_Benth.,Lamiaceae,Angiosperm,Dicot,Shrub,NE,Perennial
Trifolium_pratense,Trifolium_pratense_L.,Fabaceae,Angiosperm,Dicot,Herb,LC,Perennial
Triglochin_maritima,Triglochin_maritima_L.,Juncaginaceae,Angiosperm,Monocot,Herb,LC,Perennial
Verbascum_thapsus,Verbascum_thapsus_L.,Scrophulariaceae,Angiosperm,Dicot,Herb,NE,Biennial
